-- phpMyAdmin SQL Dump
-- version 4.1.12
-- http://www.phpmyadmin.net
--
-- Host: 127.0.0.1
-- Generation Time: Jul 07, 2014 at 06:59 PM
-- Server version: 5.6.16
-- PHP Version: 5.5.11

SET SQL_MODE = "NO_AUTO_VALUE_ON_ZERO";
SET time_zone = "+00:00";


/*!40101 SET @OLD_CHARACTER_SET_CLIENT=@@CHARACTER_SET_CLIENT */;
/*!40101 SET @OLD_CHARACTER_SET_RESULTS=@@CHARACTER_SET_RESULTS */;
/*!40101 SET @OLD_COLLATION_CONNECTION=@@COLLATION_CONNECTION */;
/*!40101 SET NAMES utf8 */;

--
-- Database: `hermes`
--

-- --------------------------------------------------------

--
-- Table structure for table `adminsettings`
--

CREATE TABLE IF NOT EXISTS `adminsettings` (
  `username` varchar(255) NOT NULL,
  `password` varchar(255) DEFAULT NULL,
  PRIMARY KEY (`username`)
) ENGINE=InnoDB DEFAULT CHARSET=latin1;

--
-- Dumping data for table `adminsettings`
--

INSERT INTO `adminsettings` (`username`, `password`) VALUES
('admin', 'password'),
('generalfranky', '1234'),
('srikanth', 'bow');

-- --------------------------------------------------------

--
-- Table structure for table `transitholder`
--

CREATE TABLE IF NOT EXISTS `transitholder` (
  `h_id` int(11) NOT NULL AUTO_INCREMENT,
  `s_id` int(10) DEFAULT NULL,
  `b_id` int(10) DEFAULT NULL,
  `waypoint` int(11) NOT NULL DEFAULT '0',
  PRIMARY KEY (`h_id`),
  KEY `transitHolder_fk1` (`s_id`),
  KEY `transitHolder_fk2` (`b_id`)
) ENGINE=InnoDB  DEFAULT CHARSET=latin1 AUTO_INCREMENT=117 ;

--
-- Dumping data for table `transitholder`
--

INSERT INTO `transitholder` (`h_id`, `s_id`, `b_id`, `waypoint`) VALUES
(1, 1, 1, 0),
(2, 1, 1, 1),
(3, 1, 2, 0),
(4, 1, 2, 1),
(5, 1, 7, 0),
(6, 1, 7, 0),
(7, 2, 1, 0),
(8, 2, 1, 1),
(9, 2, 2, 0),
(10, 2, 2, 1),
(11, 3, 1, 0),
(12, 3, 1, 1),
(13, 3, 2, 0),
(14, 3, 2, 1),
(15, 4, 1, 0),
(16, 4, 1, 1),
(17, 4, 2, 0),
(18, 4, 2, 1),
(19, 5, 1, 0),
(20, 5, 1, 1),
(21, 5, 2, 0),
(22, 5, 2, 1),
(23, 6, 1, 0),
(24, 6, 1, 1),
(25, 6, 2, 0),
(26, 6, 2, 1),
(27, 7, 1, 0),
(28, 7, 1, 1),
(29, 7, 2, 0),
(30, 7, 2, 1),
(31, 7, 3, 0),
(32, 7, 3, 1),
(33, 7, 5, 0),
(34, 7, 5, 1),
(35, 8, 5, 0),
(36, 8, 5, 1),
(37, 8, 1, 0),
(38, 8, 1, 1),
(39, 8, 2, 0),
(40, 8, 2, 1),
(41, 8, 3, 0),
(42, 8, 3, 1),
(43, 8, 4, 0),
(44, 8, 4, 1),
(45, 8, 6, 0),
(46, 8, 6, 1),
(47, 9, 6, 0),
(48, 9, 6, 1),
(49, 9, 4, 0),
(50, 9, 4, 1),
(51, 10, 6, 0),
(52, 10, 6, 1),
(53, 10, 4, 0),
(54, 10, 4, 1),
(55, 11, 6, 0),
(56, 11, 6, 1),
(57, 11, 4, 0),
(58, 11, 4, 1),
(59, 12, 10, 0),
(60, 12, 10, 1),
(61, 12, 1, 0),
(62, 12, 1, 1),
(63, 12, 2, 0),
(64, 12, 2, 1),
(65, 12, 3, 0),
(66, 12, 3, 1),
(67, 12, 6, 0),
(68, 12, 6, 1),
(69, 13, 10, 0),
(70, 13, 10, 1),
(71, 13, 1, 0),
(72, 13, 1, 1),
(73, 13, 2, 0),
(74, 13, 2, 1),
(75, 13, 3, 0),
(76, 13, 3, 1),
(77, 13, 6, 0),
(78, 13, 6, 1),
(79, 14, 8, 0),
(80, 14, 8, 1),
(81, 14, 9, 0),
(82, 14, 9, 1),
(83, 14, 10, 0),
(84, 14, 10, 1),
(85, 14, 1, 0),
(86, 14, 1, 1),
(87, 14, 2, 0),
(88, 14, 2, 1),
(89, 14, 3, 0),
(90, 14, 3, 1),
(91, 14, 6, 0),
(92, 14, 6, 1),
(93, 15, 7, 0),
(94, 15, 7, 1),
(95, 16, 7, 0),
(96, 16, 7, 1),
(97, 17, 7, 0),
(98, 17, 7, 1),
(99, 17, 9, 0),
(100, 17, 9, 1),
(101, 17, 10, 0),
(102, 17, 10, 1),
(103, 18, 9, 0),
(104, 18, 9, 1),
(105, 19, 9, 0),
(106, 19, 9, 1),
(107, 20, 5, 0),
(108, 20, 5, 1),
(109, 21, 5, 0),
(110, 21, 5, 1),
(111, 22, 8, 0),
(112, 22, 8, 1),
(113, 22, 5, 0),
(114, 22, 5, 1),
(115, 23, 8, 0),
(116, 23, 8, 1);

-- --------------------------------------------------------

--
-- Table structure for table `transitholder_timings`
--

CREATE TABLE IF NOT EXISTS `transitholder_timings` (
  `t_id` int(11) NOT NULL,
  `time` time NOT NULL,
  KEY `t_id` (`t_id`)
) ENGINE=InnoDB DEFAULT CHARSET=latin1;

--
-- Dumping data for table `transitholder_timings`
--

INSERT INTO `transitholder_timings` (`t_id`, `time`) VALUES
(1, '06:30:00'),
(1, '07:30:00'),
(1, '08:30:00'),
(1, '09:30:00'),
(1, '10:30:00'),
(1, '11:30:00'),
(1, '12:30:00'),
(1, '13:30:00'),
(1, '14:30:00'),
(1, '15:30:00'),
(1, '16:30:00'),
(1, '17:30:00'),
(1, '18:30:00'),
(2, '07:40:00'),
(2, '08:40:00'),
(2, '09:40:00'),
(2, '10:40:00'),
(2, '11:40:00'),
(2, '12:40:00'),
(2, '13:40:00'),
(2, '14:40:00'),
(2, '15:40:00'),
(2, '16:40:00'),
(2, '17:40:00'),
(2, '18:40:00'),
(2, '19:40:00'),
(3, '06:15:00'),
(3, '07:15:00'),
(3, '08:15:00'),
(3, '09:15:00'),
(3, '10:15:00'),
(3, '11:15:00'),
(3, '12:15:00'),
(3, '13:15:00'),
(3, '14:15:00'),
(3, '15:15:00'),
(3, '16:15:00'),
(3, '17:15:00'),
(3, '18:15:00'),
(4, '08:35:00'),
(4, '09:35:00'),
(4, '10:35:00'),
(4, '11:35:00'),
(4, '12:35:00'),
(4, '13:35:00'),
(4, '14:35:00'),
(4, '15:35:00'),
(4, '16:35:00'),
(4, '17:35:00'),
(4, '18:35:00'),
(4, '19:35:00'),
(4, '20:35:00'),
(5, '06:30:00'),
(5, '07:30:00'),
(5, '08:30:00'),
(5, '09:30:00'),
(5, '10:30:00'),
(5, '11:30:00'),
(5, '12:30:00'),
(5, '13:30:00'),
(5, '14:30:00'),
(5, '15:30:00'),
(5, '16:30:00'),
(5, '17:30:00'),
(5, '18:30:00'),
(6, '07:30:00'),
(6, '08:30:00'),
(6, '09:30:00'),
(6, '10:30:00'),
(6, '11:30:00'),
(6, '12:30:00'),
(6, '13:30:00'),
(6, '14:30:00'),
(6, '15:30:00'),
(6, '16:30:00'),
(6, '17:30:00'),
(6, '18:30:00'),
(6, '19:30:00'),
(7, '06:35:00'),
(7, '07:35:00'),
(7, '08:35:00'),
(7, '09:35:00'),
(7, '10:35:00'),
(7, '11:35:00'),
(7, '12:35:00'),
(7, '13:35:00'),
(7, '14:35:00'),
(7, '15:35:00'),
(7, '16:35:00'),
(7, '17:35:00'),
(7, '18:35:00'),
(8, '07:35:00'),
(8, '08:35:00'),
(8, '09:35:00'),
(8, '10:35:00'),
(8, '11:35:00'),
(8, '12:35:00'),
(8, '13:35:00'),
(8, '14:35:00'),
(8, '15:35:00'),
(8, '16:35:00'),
(8, '17:35:00'),
(8, '18:35:00'),
(8, '19:35:00'),
(9, '06:20:00'),
(9, '07:20:00'),
(9, '08:20:00'),
(9, '09:20:00'),
(9, '10:20:00'),
(9, '11:20:00'),
(9, '12:20:00'),
(9, '13:20:00'),
(9, '14:20:00'),
(9, '15:20:00'),
(9, '16:20:00'),
(9, '17:20:00'),
(9, '18:20:00'),
(10, '08:30:00'),
(10, '09:30:00'),
(10, '10:30:00'),
(10, '11:30:00'),
(10, '12:30:00'),
(10, '13:30:00'),
(10, '14:30:00'),
(10, '15:30:00'),
(10, '16:30:00'),
(10, '17:30:00'),
(10, '18:30:00'),
(10, '19:30:00'),
(10, '20:30:00'),
(11, '06:41:00'),
(11, '07:41:00'),
(11, '08:41:00'),
(11, '09:41:00'),
(11, '10:41:00'),
(11, '11:41:00'),
(11, '12:41:00'),
(11, '13:41:00'),
(11, '14:41:00'),
(11, '15:41:00'),
(11, '16:41:00'),
(11, '17:41:00'),
(11, '18:41:00'),
(12, '07:29:00'),
(12, '08:29:00'),
(12, '09:29:00'),
(12, '10:29:00'),
(12, '11:29:00'),
(12, '12:29:00'),
(12, '13:29:00'),
(12, '14:29:00'),
(12, '15:29:00'),
(12, '16:29:00'),
(12, '17:29:00'),
(12, '18:29:00'),
(12, '19:29:00'),
(13, '06:26:00'),
(13, '07:26:00'),
(13, '08:26:00'),
(13, '09:26:00'),
(13, '10:26:00'),
(13, '11:26:00'),
(13, '12:26:00'),
(13, '13:26:00'),
(13, '14:26:00'),
(13, '15:26:00'),
(13, '16:26:00'),
(13, '17:26:00'),
(13, '18:26:00'),
(14, '08:24:00'),
(14, '09:24:00'),
(14, '10:24:00'),
(14, '11:24:00'),
(14, '12:24:00'),
(14, '13:24:00'),
(14, '14:24:00'),
(14, '15:24:00'),
(14, '16:24:00'),
(14, '17:24:00'),
(14, '18:24:00'),
(14, '19:24:00'),
(14, '20:24:00'),
(15, '06:46:00'),
(15, '07:46:00'),
(15, '08:46:00'),
(15, '09:46:00'),
(15, '10:46:00'),
(15, '11:46:00'),
(15, '12:46:00'),
(15, '13:46:00'),
(15, '14:46:00'),
(15, '15:46:00'),
(15, '16:46:00'),
(15, '17:46:00'),
(15, '18:46:00'),
(16, '07:24:00'),
(16, '08:24:00'),
(16, '09:24:00'),
(16, '10:24:00'),
(16, '11:24:00'),
(16, '12:24:00'),
(16, '13:24:00'),
(16, '14:24:00'),
(16, '15:24:00'),
(16, '16:24:00'),
(16, '17:24:00'),
(16, '18:24:00'),
(16, '19:24:00'),
(17, '06:31:00'),
(17, '07:31:00'),
(17, '08:31:00'),
(17, '09:31:00'),
(17, '10:31:00'),
(17, '11:31:00'),
(17, '12:31:00'),
(17, '13:31:00'),
(17, '14:31:00'),
(17, '15:31:00'),
(17, '16:31:00'),
(17, '17:31:00'),
(17, '18:31:00'),
(18, '08:19:00'),
(18, '09:19:00'),
(18, '10:19:00'),
(18, '11:19:00'),
(18, '12:19:00'),
(18, '13:19:00'),
(18, '14:19:00'),
(18, '15:19:00'),
(18, '16:19:00'),
(18, '17:19:00'),
(18, '18:19:00'),
(18, '19:19:00'),
(18, '20:19:00'),
(19, '06:51:00'),
(19, '07:51:00'),
(19, '08:51:00'),
(19, '09:51:00'),
(19, '10:51:00'),
(19, '11:51:00'),
(19, '12:51:00'),
(19, '13:51:00'),
(19, '14:51:00'),
(19, '15:51:00'),
(19, '16:51:00'),
(19, '17:51:00'),
(19, '18:51:00'),
(20, '07:19:00'),
(20, '08:19:00'),
(20, '09:19:00'),
(20, '10:19:00'),
(20, '11:19:00'),
(20, '12:19:00'),
(20, '13:19:00'),
(20, '14:19:00'),
(20, '15:19:00'),
(20, '16:19:00'),
(20, '17:19:00'),
(20, '18:19:00'),
(20, '19:19:00'),
(21, '06:36:00'),
(21, '07:36:00'),
(21, '08:36:00'),
(21, '09:36:00'),
(21, '10:36:00'),
(21, '11:36:00'),
(21, '12:36:00'),
(21, '13:36:00'),
(21, '14:36:00'),
(21, '15:36:00'),
(21, '16:36:00'),
(21, '17:36:00'),
(21, '18:36:00'),
(22, '08:14:00'),
(22, '09:14:00'),
(22, '10:14:00'),
(22, '11:14:00'),
(22, '12:14:00'),
(22, '13:14:00'),
(22, '14:14:00'),
(22, '15:14:00'),
(22, '16:14:00'),
(22, '17:14:00'),
(22, '18:14:00'),
(22, '19:14:00'),
(22, '20:14:00'),
(23, '06:56:00'),
(23, '07:56:00'),
(23, '08:56:00'),
(23, '09:56:00'),
(23, '10:56:00'),
(23, '11:56:00'),
(23, '12:56:00'),
(23, '13:56:00'),
(23, '14:56:00'),
(23, '15:56:00'),
(23, '16:56:00'),
(23, '17:56:00'),
(23, '18:56:00'),
(24, '07:14:00'),
(24, '08:14:00'),
(24, '09:14:00'),
(24, '10:14:00'),
(24, '11:14:00'),
(24, '12:14:00'),
(24, '13:14:00'),
(24, '14:14:00'),
(24, '15:14:00'),
(24, '16:14:00'),
(24, '17:14:00'),
(24, '18:14:00'),
(24, '19:14:00'),
(25, '06:41:00'),
(25, '07:41:00'),
(25, '08:41:00'),
(25, '09:41:00'),
(25, '10:41:00'),
(25, '11:41:00'),
(25, '12:41:00'),
(25, '13:41:00'),
(25, '14:41:00'),
(25, '15:41:00'),
(25, '16:41:00'),
(25, '17:41:00'),
(25, '18:41:00'),
(26, '08:09:00'),
(26, '09:09:00'),
(26, '10:09:00'),
(26, '11:09:00'),
(26, '12:09:00'),
(26, '13:09:00'),
(26, '14:09:00'),
(26, '15:09:00'),
(26, '16:09:00'),
(26, '17:09:00'),
(26, '18:09:00'),
(26, '19:09:00'),
(26, '20:09:00'),
(27, '07:00:00'),
(27, '08:00:00'),
(27, '09:00:00'),
(27, '10:00:00'),
(27, '11:00:00'),
(27, '12:00:00'),
(27, '13:00:00'),
(27, '14:00:00'),
(27, '15:00:00'),
(27, '16:00:00'),
(27, '17:00:00'),
(27, '18:00:00'),
(27, '19:00:00'),
(28, '07:10:00'),
(28, '08:10:00'),
(28, '09:10:00'),
(28, '10:10:00'),
(28, '11:10:00'),
(28, '12:10:00'),
(28, '13:10:00'),
(28, '14:10:00'),
(28, '15:10:00'),
(28, '16:10:00'),
(28, '17:10:00'),
(28, '18:10:00'),
(28, '19:10:00'),
(29, '06:45:00'),
(29, '07:45:00'),
(29, '08:45:00'),
(29, '09:45:00'),
(29, '10:45:00'),
(29, '11:45:00'),
(29, '12:45:00'),
(29, '13:45:00'),
(29, '14:45:00'),
(29, '15:45:00'),
(29, '16:45:00'),
(29, '17:45:00'),
(29, '18:45:00'),
(30, '08:05:00'),
(30, '09:05:00'),
(30, '10:05:00'),
(30, '11:05:00'),
(30, '12:05:00'),
(30, '13:05:00'),
(30, '14:05:00'),
(30, '15:05:00'),
(30, '16:05:00'),
(30, '17:05:00'),
(30, '18:05:00'),
(30, '19:05:00'),
(30, '20:05:00'),
(31, '06:00:00'),
(31, '07:00:00'),
(31, '08:00:00'),
(31, '09:00:00'),
(31, '10:00:00'),
(31, '11:00:00'),
(31, '12:00:00'),
(31, '13:00:00'),
(31, '14:00:00'),
(31, '15:00:00'),
(31, '16:00:00'),
(31, '17:00:00'),
(31, '18:00:00'),
(32, '07:20:00'),
(32, '08:20:00'),
(32, '09:20:00'),
(32, '10:20:00'),
(32, '11:20:00'),
(32, '12:20:00'),
(32, '13:20:00'),
(32, '14:20:00'),
(32, '15:20:00'),
(32, '16:20:00'),
(32, '17:20:00'),
(32, '18:20:00'),
(32, '19:20:00'),
(33, '06:00:00'),
(33, '07:00:00'),
(33, '08:00:00'),
(33, '09:00:00'),
(33, '10:00:00'),
(33, '11:00:00'),
(33, '12:00:00'),
(33, '13:00:00'),
(33, '14:00:00'),
(33, '15:00:00'),
(33, '16:00:00'),
(33, '17:00:00'),
(33, '18:00:00'),
(34, '07:55:00'),
(34, '08:55:00'),
(34, '09:55:00'),
(34, '10:55:00'),
(34, '11:55:00'),
(34, '12:55:00'),
(34, '13:55:00'),
(34, '14:55:00'),
(34, '15:55:00'),
(34, '16:55:00'),
(34, '17:55:00'),
(34, '18:55:00'),
(34, '19:55:00'),
(35, '06:15:00'),
(35, '07:15:00'),
(35, '08:15:00'),
(35, '09:15:00'),
(35, '10:15:00'),
(35, '11:15:00'),
(35, '12:15:00'),
(35, '13:15:00'),
(35, '14:15:00'),
(35, '15:15:00'),
(35, '16:15:00'),
(35, '17:15:00'),
(35, '18:15:00'),
(36, '07:40:00'),
(36, '08:40:00'),
(36, '09:40:00'),
(36, '10:40:00'),
(36, '11:40:00'),
(36, '12:40:00'),
(36, '13:40:00'),
(36, '14:40:00'),
(36, '15:40:00'),
(36, '16:40:00'),
(36, '17:40:00'),
(36, '18:40:00'),
(36, '19:40:00'),
(37, '07:31:00'),
(37, '08:31:00'),
(37, '09:31:00'),
(37, '10:31:00'),
(37, '11:31:00'),
(37, '12:31:00'),
(37, '13:31:00'),
(37, '14:31:00'),
(37, '15:31:00'),
(37, '16:31:00'),
(37, '17:31:00'),
(37, '18:31:00'),
(37, '19:31:00'),
(38, '06:55:00'),
(38, '07:55:00'),
(38, '08:55:00'),
(38, '09:55:00'),
(38, '10:55:00'),
(38, '11:55:00'),
(38, '12:55:00'),
(38, '13:55:00'),
(38, '14:55:00'),
(38, '15:55:00'),
(38, '16:55:00'),
(38, '17:55:00'),
(38, '18:55:00'),
(39, '07:00:00'),
(39, '08:00:00'),
(39, '09:00:00'),
(39, '10:00:00'),
(39, '11:00:00'),
(39, '12:00:00'),
(39, '13:00:00'),
(39, '14:00:00'),
(39, '15:00:00'),
(39, '16:00:00'),
(39, '17:00:00'),
(39, '18:00:00'),
(39, '19:00:00'),
(40, '07:50:00'),
(40, '08:50:00'),
(40, '09:50:00'),
(40, '10:50:00'),
(40, '11:50:00'),
(40, '12:50:00'),
(40, '13:50:00'),
(40, '14:50:00'),
(40, '15:50:00'),
(40, '16:50:00'),
(40, '17:50:00'),
(40, '18:50:00'),
(40, '19:50:00'),
(41, '06:15:00'),
(41, '07:15:00'),
(41, '08:15:00'),
(41, '09:15:00'),
(41, '10:15:00'),
(41, '11:15:00'),
(41, '12:15:00'),
(41, '13:15:00'),
(41, '14:15:00'),
(41, '15:15:00'),
(41, '16:15:00'),
(41, '17:15:00'),
(41, '18:15:00'),
(42, '07:05:00'),
(42, '08:05:00'),
(42, '09:05:00'),
(42, '10:05:00'),
(42, '11:05:00'),
(42, '12:05:00'),
(42, '13:05:00'),
(42, '14:05:00'),
(42, '15:05:00'),
(42, '16:05:00'),
(42, '17:05:00'),
(42, '18:05:00'),
(42, '19:05:00'),
(42, '00:00:00'),
(43, '06:00:00'),
(43, '07:00:00'),
(43, '08:00:00'),
(43, '09:00:00'),
(43, '10:00:00'),
(43, '11:00:00'),
(43, '12:00:00'),
(43, '13:00:00'),
(43, '14:00:00'),
(43, '15:00:00'),
(43, '16:00:00'),
(43, '17:00:00'),
(43, '18:00:00'),
(44, '07:00:00'),
(44, '08:00:00'),
(44, '09:00:00'),
(44, '10:00:00'),
(44, '11:00:00'),
(44, '12:00:00'),
(44, '13:00:00'),
(44, '14:00:00'),
(44, '15:00:00'),
(44, '16:00:00'),
(44, '17:00:00'),
(44, '18:00:00'),
(44, '19:00:00'),
(45, '06:30:00'),
(45, '07:30:00'),
(45, '08:30:00'),
(45, '09:30:00'),
(45, '10:30:00'),
(45, '11:30:00'),
(45, '12:30:00'),
(45, '13:30:00'),
(45, '14:30:00'),
(45, '15:30:00'),
(45, '16:30:00'),
(45, '17:30:00'),
(45, '18:30:00'),
(46, '07:25:00'),
(46, '08:25:00'),
(46, '09:25:00'),
(46, '10:25:00'),
(46, '11:25:00'),
(46, '12:25:00'),
(46, '13:25:00'),
(46, '14:25:00'),
(46, '15:25:00'),
(46, '16:25:00'),
(46, '17:25:00'),
(46, '18:25:00'),
(46, '19:25:00'),
(47, '06:15:00'),
(47, '07:15:00'),
(47, '08:15:00'),
(47, '09:15:00'),
(47, '10:15:00'),
(47, '11:15:00'),
(47, '12:15:00'),
(47, '13:15:00'),
(47, '14:15:00'),
(47, '15:15:00'),
(47, '16:15:00'),
(47, '17:15:00'),
(47, '18:15:00'),
(48, '07:40:00'),
(48, '08:40:00'),
(48, '09:40:00'),
(48, '10:40:00'),
(48, '11:40:00'),
(48, '12:40:00'),
(48, '13:40:00'),
(48, '14:40:00'),
(48, '15:40:00'),
(48, '16:40:00'),
(48, '17:40:00'),
(48, '18:40:00'),
(48, '19:40:00'),
(49, '06:15:00'),
(49, '07:15:00'),
(49, '08:15:00'),
(49, '09:15:00'),
(49, '10:15:00'),
(49, '11:15:00'),
(49, '12:15:00'),
(49, '13:15:00'),
(49, '14:15:00'),
(49, '15:15:00'),
(49, '16:15:00'),
(49, '17:15:00'),
(49, '18:15:00'),
(50, '06:45:00'),
(50, '07:45:00'),
(50, '08:45:00'),
(50, '09:45:00'),
(50, '10:45:00'),
(50, '11:45:00'),
(50, '12:45:00'),
(50, '13:45:00'),
(50, '14:45:00'),
(50, '15:45:00'),
(50, '16:45:00'),
(50, '17:45:00'),
(50, '18:45:00'),
(51, '06:10:00'),
(51, '07:10:00'),
(51, '08:10:00'),
(51, '09:10:00'),
(51, '10:10:00'),
(51, '11:10:00'),
(51, '12:10:00'),
(51, '13:10:00'),
(51, '14:10:00'),
(51, '15:10:00'),
(51, '16:10:00'),
(51, '17:10:00'),
(51, '18:10:00'),
(52, '07:45:00'),
(52, '08:45:00'),
(52, '09:45:00'),
(52, '10:45:00'),
(52, '11:45:00'),
(52, '12:45:00'),
(52, '13:45:00'),
(52, '14:45:00'),
(52, '15:45:00'),
(52, '16:45:00'),
(52, '17:45:00'),
(52, '18:45:00'),
(52, '19:45:00'),
(53, '06:20:00'),
(53, '07:20:00'),
(53, '08:20:00'),
(53, '09:20:00'),
(53, '10:20:00'),
(53, '11:20:00'),
(53, '12:20:00'),
(53, '13:20:00'),
(53, '14:20:00'),
(53, '15:20:00'),
(53, '16:20:00'),
(53, '17:20:00'),
(53, '18:20:00'),
(54, '06:40:00'),
(54, '07:40:00'),
(54, '08:40:00'),
(54, '09:40:00'),
(54, '10:40:00'),
(54, '11:40:00'),
(54, '12:40:00'),
(54, '13:40:00'),
(54, '14:40:00'),
(54, '15:40:00'),
(54, '16:40:00'),
(54, '17:40:00'),
(54, '18:40:00'),
(55, '06:00:00'),
(55, '07:00:00'),
(55, '08:00:00'),
(55, '09:00:00'),
(55, '10:00:00'),
(55, '11:00:00'),
(55, '12:00:00'),
(55, '13:00:00'),
(55, '14:00:00'),
(55, '15:00:00'),
(55, '16:00:00'),
(55, '17:00:00'),
(55, '18:00:00'),
(56, '07:55:00'),
(56, '08:55:00'),
(56, '09:55:00'),
(56, '10:55:00'),
(56, '11:55:00'),
(56, '12:55:00'),
(56, '13:55:00'),
(56, '14:55:00'),
(56, '15:55:00'),
(56, '16:55:00'),
(56, '17:55:00'),
(56, '18:55:00'),
(56, '19:55:00'),
(57, '06:30:00'),
(57, '07:30:00'),
(57, '08:30:00'),
(57, '09:30:00'),
(57, '10:30:00'),
(57, '11:30:00'),
(57, '12:30:00'),
(57, '13:30:00'),
(57, '14:30:00'),
(57, '15:30:00'),
(57, '16:30:00'),
(57, '17:30:00'),
(57, '18:30:00'),
(58, '06:30:00'),
(58, '07:30:00'),
(58, '08:30:00'),
(58, '09:30:00'),
(58, '10:30:00'),
(58, '11:30:00'),
(58, '12:30:00'),
(58, '13:30:00'),
(58, '14:30:00'),
(58, '15:30:00'),
(58, '16:30:00'),
(58, '17:30:00'),
(58, '18:30:00'),
(59, '06:20:00'),
(59, '07:20:00'),
(59, '08:20:00'),
(59, '09:20:00'),
(59, '10:20:00'),
(59, '11:20:00'),
(59, '12:20:00'),
(59, '13:20:00'),
(59, '14:20:00'),
(59, '15:20:00'),
(59, '16:20:00'),
(59, '17:20:00'),
(59, '18:20:00'),
(60, '06:50:00'),
(60, '07:50:00'),
(60, '08:50:00'),
(60, '09:50:00'),
(60, '10:50:00'),
(60, '11:50:00'),
(60, '12:50:00'),
(60, '13:50:00'),
(60, '14:50:00'),
(60, '15:50:00'),
(60, '16:50:00'),
(60, '17:50:00'),
(60, '18:50:00'),
(61, '07:25:00'),
(61, '08:25:00'),
(61, '09:25:00'),
(61, '10:25:00'),
(61, '11:25:00'),
(61, '12:25:00'),
(61, '13:25:00'),
(61, '14:25:00'),
(61, '15:25:00'),
(61, '16:25:00'),
(61, '17:25:00'),
(61, '18:25:00'),
(61, '19:25:00'),
(62, '06:45:00'),
(62, '07:45:00'),
(62, '08:45:00'),
(62, '09:45:00'),
(62, '10:45:00'),
(62, '11:45:00'),
(62, '12:45:00'),
(62, '13:45:00'),
(62, '14:45:00'),
(62, '15:45:00'),
(62, '16:45:00'),
(62, '17:45:00'),
(62, '18:45:00'),
(63, '07:10:00'),
(63, '08:10:00'),
(63, '09:10:00'),
(63, '10:10:00'),
(63, '11:10:00'),
(63, '12:10:00'),
(63, '13:10:00'),
(63, '14:10:00'),
(63, '15:10:00'),
(63, '16:10:00'),
(63, '17:10:00'),
(63, '18:10:00'),
(63, '19:10:00'),
(64, '07:40:00'),
(64, '08:40:00'),
(64, '09:40:00'),
(64, '10:40:00'),
(64, '11:40:00'),
(64, '12:40:00'),
(64, '13:40:00'),
(64, '14:40:00'),
(64, '15:40:00'),
(64, '16:40:00'),
(64, '17:40:00'),
(64, '18:40:00'),
(64, '19:40:00'),
(65, '06:25:00'),
(65, '07:25:00'),
(65, '08:25:00'),
(65, '09:25:00'),
(65, '10:25:00'),
(65, '11:25:00'),
(65, '12:25:00'),
(65, '13:25:00'),
(65, '14:25:00'),
(65, '15:25:00'),
(65, '16:25:00'),
(65, '17:25:00'),
(65, '18:25:00'),
(66, '06:55:00'),
(66, '07:55:00'),
(66, '08:55:00'),
(66, '09:55:00'),
(66, '10:55:00'),
(66, '11:55:00'),
(66, '12:55:00'),
(66, '13:55:00'),
(66, '14:55:00'),
(66, '15:55:00'),
(66, '16:55:00'),
(66, '17:55:00'),
(66, '18:55:00'),
(66, '00:00:00'),
(67, '06:40:00'),
(67, '07:40:00'),
(67, '08:40:00'),
(67, '09:40:00'),
(67, '10:40:00'),
(67, '11:40:00'),
(67, '12:40:00'),
(67, '13:40:00'),
(67, '14:40:00'),
(67, '15:40:00'),
(67, '16:40:00'),
(67, '17:40:00'),
(67, '18:40:00'),
(68, '07:31:00'),
(68, '08:31:00'),
(68, '09:31:00'),
(68, '10:31:00'),
(68, '11:31:00'),
(68, '12:31:00'),
(68, '13:31:00'),
(68, '14:31:00'),
(68, '15:31:00'),
(68, '16:31:00'),
(68, '17:31:00'),
(68, '18:31:00'),
(68, '19:31:00'),
(69, '06:25:00'),
(69, '07:25:00'),
(69, '08:25:00'),
(69, '09:25:00'),
(69, '10:25:00'),
(69, '11:25:00'),
(69, '12:25:00'),
(69, '13:25:00'),
(69, '14:25:00'),
(69, '15:25:00'),
(69, '16:25:00'),
(69, '17:25:00'),
(69, '18:25:00'),
(70, '06:45:00'),
(70, '07:45:00'),
(70, '08:45:00'),
(70, '09:45:00'),
(70, '10:45:00'),
(70, '11:45:00'),
(70, '12:45:00'),
(70, '13:45:00'),
(70, '14:45:00'),
(70, '15:45:00'),
(70, '16:45:00'),
(70, '17:45:00'),
(70, '18:45:00'),
(71, '07:30:00'),
(71, '08:30:00'),
(71, '09:30:00'),
(71, '10:30:00'),
(71, '11:30:00'),
(71, '12:30:00'),
(71, '13:30:00'),
(71, '14:30:00'),
(71, '15:30:00'),
(71, '16:30:00'),
(71, '17:30:00'),
(71, '18:30:00'),
(71, '19:30:00'),
(72, '06:40:00'),
(72, '07:40:00'),
(72, '08:40:00'),
(72, '09:40:00'),
(72, '10:40:00'),
(72, '11:40:00'),
(72, '12:40:00'),
(72, '13:40:00'),
(72, '14:40:00'),
(72, '15:40:00'),
(72, '16:40:00'),
(72, '17:40:00'),
(72, '18:40:00'),
(73, '07:15:00'),
(73, '08:15:00'),
(73, '09:15:00'),
(73, '10:15:00'),
(73, '11:15:00'),
(73, '12:15:00'),
(73, '13:15:00'),
(73, '14:15:00'),
(73, '15:15:00'),
(73, '16:15:00'),
(73, '17:15:00'),
(73, '18:15:00'),
(73, '19:15:00'),
(74, '07:35:00'),
(74, '08:35:00'),
(74, '09:35:00'),
(74, '10:35:00'),
(74, '11:35:00'),
(74, '12:35:00'),
(74, '13:35:00'),
(74, '14:35:00'),
(74, '15:35:00'),
(74, '16:35:00'),
(74, '17:35:00'),
(74, '18:35:00'),
(74, '19:35:00'),
(75, '06:30:00'),
(75, '07:30:00'),
(75, '08:30:00'),
(75, '09:30:00'),
(75, '10:30:00'),
(75, '11:30:00'),
(75, '12:30:00'),
(75, '13:30:00'),
(75, '14:30:00'),
(75, '15:30:00'),
(75, '16:30:00'),
(75, '17:30:00'),
(75, '18:30:00'),
(76, '06:50:00'),
(76, '07:50:00'),
(76, '08:50:00'),
(76, '09:50:00'),
(76, '10:50:00'),
(76, '11:50:00'),
(76, '12:50:00'),
(76, '13:50:00'),
(76, '14:50:00'),
(76, '15:50:00'),
(76, '16:50:00'),
(76, '17:50:00'),
(76, '18:50:00'),
(77, '06:45:00'),
(77, '07:45:00'),
(77, '08:45:00'),
(77, '09:45:00'),
(77, '10:45:00'),
(77, '11:45:00'),
(77, '12:45:00'),
(77, '13:45:00'),
(77, '14:45:00'),
(77, '15:45:00'),
(77, '16:45:00'),
(77, '17:45:00'),
(77, '18:45:00'),
(78, '07:10:00'),
(78, '08:10:00'),
(78, '09:10:00'),
(78, '10:10:00'),
(78, '11:10:00'),
(78, '12:10:00'),
(78, '13:10:00'),
(78, '14:10:00'),
(78, '15:10:00'),
(78, '16:10:00'),
(78, '17:10:00'),
(78, '18:10:00'),
(78, '19:10:00'),
(79, '06:30:00'),
(79, '07:30:00'),
(79, '08:30:00'),
(79, '09:30:00'),
(79, '10:30:00'),
(79, '11:30:00'),
(79, '12:30:00'),
(79, '13:30:00'),
(79, '14:30:00'),
(79, '15:30:00'),
(79, '16:30:00'),
(79, '17:30:00'),
(79, '18:30:00'),
(80, '06:30:00'),
(80, '07:30:00'),
(80, '08:30:00'),
(80, '09:30:00'),
(80, '10:30:00'),
(80, '11:30:00'),
(80, '12:30:00'),
(80, '13:30:00'),
(80, '14:30:00'),
(80, '15:30:00'),
(80, '16:30:00'),
(80, '17:30:00'),
(80, '18:30:00'),
(81, '06:35:00'),
(81, '07:35:00'),
(81, '08:35:00'),
(81, '09:35:00'),
(81, '35:35:00'),
(81, '11:35:00'),
(81, '12:35:00'),
(81, '13:35:00'),
(81, '14:35:00'),
(81, '15:35:00'),
(81, '16:35:00'),
(81, '17:35:00'),
(81, '18:35:00'),
(82, '06:40:00'),
(82, '07:40:00'),
(82, '08:40:00'),
(82, '09:40:00'),
(82, '40:40:00'),
(82, '11:40:00'),
(82, '12:40:00'),
(82, '13:40:00'),
(82, '14:40:00'),
(82, '15:40:00'),
(82, '16:40:00'),
(82, '17:40:00'),
(82, '18:40:00'),
(83, '06:35:00'),
(83, '07:35:00'),
(83, '08:35:00'),
(83, '09:35:00'),
(83, '10:35:00'),
(83, '11:35:00'),
(83, '12:35:00'),
(83, '13:35:00'),
(83, '14:35:00'),
(83, '15:35:00'),
(83, '16:35:00'),
(83, '17:35:00'),
(83, '18:35:00'),
(84, '06:35:00'),
(84, '07:35:00'),
(84, '08:35:00'),
(84, '09:35:00'),
(84, '10:35:00'),
(84, '11:35:00'),
(84, '12:35:00'),
(84, '13:35:00'),
(84, '14:35:00'),
(84, '15:35:00'),
(84, '16:35:00'),
(84, '17:35:00'),
(84, '18:35:00'),
(85, '07:40:00'),
(85, '08:40:00'),
(85, '09:40:00'),
(85, '10:40:00'),
(85, '11:40:00'),
(85, '12:40:00'),
(85, '13:40:00'),
(85, '14:40:00'),
(85, '15:40:00'),
(85, '16:40:00'),
(85, '17:40:00'),
(85, '18:40:00'),
(85, '19:40:00'),
(86, '06:30:00'),
(86, '07:30:00'),
(86, '08:30:00'),
(86, '09:30:00'),
(86, '10:30:00'),
(86, '11:30:00'),
(86, '12:30:00'),
(86, '13:30:00'),
(86, '14:30:00'),
(86, '15:30:00'),
(86, '16:30:00'),
(86, '17:30:00'),
(86, '18:30:00'),
(87, '07:25:00'),
(87, '08:25:00'),
(87, '09:25:00'),
(87, '10:25:00'),
(87, '11:25:00'),
(87, '12:25:00'),
(87, '13:25:00'),
(87, '14:25:00'),
(87, '15:25:00'),
(87, '16:25:00'),
(87, '17:25:00'),
(87, '18:25:00'),
(87, '19:25:00'),
(88, '07:25:00'),
(88, '08:25:00'),
(88, '09:25:00'),
(88, '10:25:00'),
(88, '11:25:00'),
(88, '12:25:00'),
(88, '13:25:00'),
(88, '14:25:00'),
(88, '15:25:00'),
(88, '16:25:00'),
(88, '17:25:00'),
(88, '18:25:00'),
(88, '19:25:00'),
(89, '06:40:00'),
(89, '07:40:00'),
(89, '08:40:00'),
(89, '09:40:00'),
(89, '40:40:00'),
(89, '11:40:00'),
(89, '12:40:00'),
(89, '13:40:00'),
(89, '14:40:00'),
(89, '15:40:00'),
(89, '16:40:00'),
(89, '17:40:00'),
(89, '18:40:00'),
(90, '06:40:00'),
(90, '07:40:00'),
(90, '08:40:00'),
(90, '09:40:00'),
(90, '40:40:00'),
(90, '11:40:00'),
(90, '12:40:00'),
(90, '13:40:00'),
(90, '14:40:00'),
(90, '15:40:00'),
(90, '16:40:00'),
(90, '17:40:00'),
(90, '18:40:00'),
(91, '06:55:00'),
(91, '07:55:00'),
(91, '08:55:00'),
(91, '09:55:00'),
(91, '10:55:00'),
(91, '11:55:00'),
(91, '12:55:00'),
(91, '13:55:00'),
(91, '14:55:00'),
(91, '15:55:00'),
(91, '16:55:00'),
(91, '17:55:00'),
(91, '18:55:00'),
(92, '07:00:00'),
(92, '08:00:00'),
(92, '09:00:00'),
(92, '10:00:00'),
(92, '11:00:00'),
(92, '12:00:00'),
(92, '13:00:00'),
(92, '14:00:00'),
(92, '15:00:00'),
(92, '16:00:00'),
(92, '17:00:00'),
(92, '18:00:00'),
(92, '19:00:00'),
(93, '06:36:00'),
(93, '07:36:00'),
(93, '08:36:00'),
(93, '09:36:00'),
(93, '10:36:00'),
(93, '11:36:00'),
(93, '12:36:00'),
(93, '13:36:00'),
(93, '14:36:00'),
(93, '15:36:00'),
(93, '16:36:00'),
(93, '17:36:00'),
(93, '18:36:00'),
(94, '07:24:00'),
(94, '08:24:00'),
(94, '09:24:00'),
(94, '10:24:00'),
(94, '11:24:00'),
(94, '12:24:00'),
(94, '13:24:00'),
(94, '14:24:00'),
(94, '15:24:00'),
(94, '16:24:00'),
(94, '17:24:00'),
(94, '18:24:00'),
(94, '19:24:00'),
(95, '06:46:00'),
(95, '07:46:00'),
(95, '08:46:00'),
(95, '09:46:00'),
(95, '10:46:00'),
(95, '11:46:00'),
(95, '12:46:00'),
(95, '13:46:00'),
(95, '14:46:00'),
(95, '15:46:00'),
(95, '16:46:00'),
(95, '17:46:00'),
(95, '18:46:00'),
(96, '07:14:00'),
(96, '08:14:00'),
(96, '09:14:00'),
(96, '10:14:00'),
(96, '11:14:00'),
(96, '12:14:00'),
(96, '13:14:00'),
(96, '14:14:00'),
(96, '15:14:00'),
(96, '16:14:00'),
(96, '17:14:00'),
(96, '18:14:00'),
(96, '19:14:00'),
(97, '07:00:00'),
(97, '08:00:00'),
(97, '09:00:00'),
(97, '10:00:00'),
(97, '11:00:00'),
(97, '12:00:00'),
(97, '13:00:00'),
(97, '14:00:00'),
(97, '15:00:00'),
(97, '16:00:00'),
(97, '17:00:00'),
(97, '18:00:00'),
(97, '19:00:00'),
(98, '07:00:00'),
(98, '08:00:00'),
(98, '09:00:00'),
(98, '10:00:00'),
(98, '11:00:00'),
(98, '12:00:00'),
(98, '13:00:00'),
(98, '14:00:00'),
(98, '15:00:00'),
(98, '16:00:00'),
(98, '17:00:00'),
(98, '18:00:00'),
(98, '19:00:00'),
(99, '06:00:00'),
(99, '07:00:00'),
(99, '08:00:00'),
(99, '09:00:00'),
(99, '10:00:00'),
(99, '11:00:00'),
(99, '12:00:00'),
(99, '13:00:00'),
(99, '14:00:00'),
(99, '15:00:00'),
(99, '16:00:00'),
(99, '17:00:00'),
(99, '18:00:00'),
(100, '07:15:00'),
(100, '08:15:00'),
(100, '09:15:00'),
(100, '10:15:00'),
(100, '11:15:00'),
(100, '12:15:00'),
(100, '13:15:00'),
(100, '14:15:00'),
(100, '15:15:00'),
(100, '16:15:00'),
(100, '17:15:00'),
(100, '18:15:00'),
(100, '19:15:00'),
(101, '06:00:00'),
(101, '07:00:00'),
(101, '08:00:00'),
(101, '09:00:00'),
(101, '10:00:00'),
(101, '11:00:00'),
(101, '12:00:00'),
(101, '13:00:00'),
(101, '14:00:00'),
(101, '15:00:00'),
(101, '16:00:00'),
(101, '17:00:00'),
(101, '18:00:00'),
(102, '07:10:00'),
(102, '08:10:00'),
(102, '09:10:00'),
(102, '10:10:00'),
(102, '11:10:00'),
(102, '12:10:00'),
(102, '13:10:00'),
(102, '14:10:00'),
(102, '15:10:00'),
(102, '16:10:00'),
(102, '17:10:00'),
(102, '18:10:00'),
(102, '19:10:00'),
(103, '06:10:00'),
(103, '07:10:00'),
(103, '08:10:00'),
(103, '09:10:00'),
(103, '10:10:00'),
(103, '11:10:00'),
(103, '12:10:00'),
(103, '13:10:00'),
(103, '14:10:00'),
(103, '15:10:00'),
(103, '16:10:00'),
(103, '17:10:00'),
(103, '18:10:00'),
(104, '07:05:00'),
(104, '08:05:00'),
(104, '09:05:00'),
(104, '10:05:00'),
(104, '11:05:00'),
(104, '12:05:00'),
(104, '13:05:00'),
(104, '14:05:00'),
(104, '15:05:00'),
(104, '16:05:00'),
(104, '17:05:00'),
(104, '18:05:00'),
(104, '19:05:00'),
(105, '06:20:00'),
(105, '07:20:00'),
(105, '08:20:00'),
(105, '09:20:00'),
(105, '20:20:00'),
(105, '11:20:00'),
(105, '12:20:00'),
(105, '13:20:00'),
(105, '14:20:00'),
(105, '15:20:00'),
(105, '16:20:00'),
(105, '17:20:00'),
(105, '18:20:00'),
(106, '06:55:00'),
(106, '07:55:00'),
(106, '08:55:00'),
(106, '09:55:00'),
(106, '55:55:00'),
(106, '11:55:00'),
(106, '12:55:00'),
(106, '13:55:00'),
(106, '14:55:00'),
(106, '15:55:00'),
(106, '16:55:00'),
(106, '17:55:00'),
(106, '18:55:00'),
(107, '06:20:00'),
(107, '07:20:00'),
(107, '08:20:00'),
(107, '09:20:00'),
(107, '10:20:00'),
(107, '11:20:00'),
(107, '12:20:00'),
(107, '13:20:00'),
(107, '14:20:00'),
(107, '15:20:00'),
(107, '16:20:00'),
(107, '17:20:00'),
(107, '18:20:00'),
(108, '07:35:00'),
(108, '08:35:00'),
(108, '09:35:00'),
(108, '10:35:00'),
(108, '11:35:00'),
(108, '12:35:00'),
(108, '13:35:00'),
(108, '14:35:00'),
(108, '15:35:00'),
(108, '16:35:00'),
(108, '17:35:00'),
(108, '18:35:00'),
(108, '19:35:00'),
(109, '06:35:00'),
(109, '07:35:00'),
(109, '08:35:00'),
(109, '09:35:00'),
(109, '10:35:00'),
(109, '11:35:00'),
(109, '12:35:00'),
(109, '13:35:00'),
(109, '14:35:00'),
(109, '15:35:00'),
(109, '16:35:00'),
(109, '17:35:00'),
(109, '18:35:00'),
(110, '07:20:00'),
(110, '08:20:00'),
(110, '09:20:00'),
(110, '10:20:00'),
(110, '11:20:00'),
(110, '12:20:00'),
(110, '13:20:00'),
(110, '14:20:00'),
(110, '15:20:00'),
(110, '16:20:00'),
(110, '17:20:00'),
(110, '18:20:00'),
(110, '19:20:00'),
(111, '06:00:00'),
(111, '07:00:00'),
(111, '08:00:00'),
(111, '09:00:00'),
(111, '10:00:00'),
(111, '11:00:00'),
(111, '12:00:00'),
(111, '13:00:00'),
(111, '14:00:00'),
(111, '15:00:00'),
(111, '16:00:00'),
(111, '17:00:00'),
(111, '18:00:00'),
(112, '07:00:00'),
(112, '08:00:00'),
(112, '09:00:00'),
(112, '10:00:00'),
(112, '11:00:00'),
(112, '12:00:00'),
(112, '13:00:00'),
(112, '14:00:00'),
(112, '15:00:00'),
(112, '16:00:00'),
(112, '17:00:00'),
(112, '18:00:00'),
(112, '19:00:00'),
(113, '06:55:00'),
(113, '07:55:00'),
(113, '08:55:00'),
(113, '09:55:00'),
(113, '10:55:00'),
(113, '11:55:00'),
(113, '12:55:00'),
(113, '13:55:00'),
(113, '14:55:00'),
(113, '15:55:00'),
(113, '16:55:00'),
(113, '17:55:00'),
(113, '18:55:00'),
(114, '07:00:00'),
(114, '08:00:00'),
(114, '09:00:00'),
(114, '10:00:00'),
(114, '11:00:00'),
(114, '12:00:00'),
(114, '13:00:00'),
(114, '14:00:00'),
(114, '15:00:00'),
(114, '16:00:00'),
(114, '17:00:00'),
(114, '18:00:00'),
(114, '19:00:00'),
(115, '06:15:00'),
(115, '07:15:00'),
(115, '08:15:00'),
(115, '09:15:00'),
(115, '10:15:00'),
(115, '11:15:00'),
(115, '12:15:00'),
(115, '13:15:00'),
(115, '14:15:00'),
(115, '15:15:00'),
(115, '16:15:00'),
(115, '17:15:00'),
(115, '18:15:00'),
(116, '06:45:00'),
(116, '07:45:00'),
(116, '08:45:00'),
(116, '09:45:00'),
(116, '10:45:00'),
(116, '11:45:00'),
(116, '12:45:00'),
(116, '13:45:00'),
(116, '14:45:00'),
(116, '15:45:00'),
(116, '16:45:00'),
(116, '17:45:00'),
(116, '18:45:00');

-- --------------------------------------------------------

--
-- Table structure for table `transitlocation`
--

CREATE TABLE IF NOT EXISTS `transitlocation` (
  `s_id` int(10) NOT NULL AUTO_INCREMENT,
  `s_name` varchar(255) DEFAULT NULL,
  PRIMARY KEY (`s_id`),
  UNIQUE KEY `s_name` (`s_name`),
  KEY `s_name_2` (`s_name`)
) ENGINE=InnoDB  DEFAULT CHARSET=latin1 AUTO_INCREMENT=25 ;

--
-- Dumping data for table `transitlocation`
--

INSERT INTO `transitlocation` (`s_id`, `s_name`) VALUES
(10, 'Alkapuri\r'),
(21, 'Amberpet\r'),
(2, 'Annojiguda\r'),
(6, 'Boduppal\r'),
(5, 'Depot\r'),
(17, 'ECIL\r'),
(1, 'Ghatkesar\r'),
(12, 'Habsiguda\r'),
(22, 'Koti\r'),
(11, 'L.B.Nagar\r'),
(19, 'Lalaguda\r'),
(18, 'Malkajgiri\r'),
(4, 'Medipally\r'),
(24, 'Musheerabad'),
(16, 'Nagaram\r'),
(9, 'Nagole\r'),
(3, 'Narapally\r'),
(20, 'Ramanthapur\r'),
(23, 'RTCXroads\r'),
(14, 'Secunderabad\r'),
(15, 'SNIST\r'),
(13, 'Tarnaka\r'),
(7, 'Uppal\r'),
(8, 'UppalXRoad\r');

-- --------------------------------------------------------

--
-- Table structure for table `transitlocation_neighbors`
--

CREATE TABLE IF NOT EXISTS `transitlocation_neighbors` (
  `s_id` int(10) DEFAULT NULL,
  `n_id` int(10) DEFAULT NULL,
  `distance` int(11) DEFAULT NULL,
  `time` float DEFAULT NULL,
  KEY `transitLocation_neighbors_fk1` (`s_id`),
  KEY `transitLocation_neighbors_fk2` (`n_id`)
) ENGINE=InnoDB DEFAULT CHARSET=latin1;

--
-- Dumping data for table `transitlocation_neighbors`
--

INSERT INTO `transitlocation_neighbors` (`s_id`, `n_id`, `distance`, `time`) VALUES
(1, 2, 2, 5),
(1, 15, 3, 6),
(15, 1, 3, 6),
(15, 16, 4, 10),
(16, 15, 4, 10),
(16, 17, 3, 14),
(17, 12, 7, 20),
(17, 18, 2, 10),
(17, 16, 3, 14),
(18, 17, 2, 10),
(18, 19, 3, 10),
(19, 18, 3, 10),
(19, 14, 5, 15),
(2, 1, 2, 5),
(2, 3, 3, 6),
(3, 4, 1, 5),
(3, 2, 3, 6),
(4, 5, 1, 5),
(4, 3, 1, 5),
(5, 6, 1, 5),
(5, 4, 1, 5),
(6, 7, 1, 5),
(6, 5, 1, 5),
(7, 8, 2, 15),
(7, 6, 1, 5),
(8, 9, 2, 15),
(8, 20, 2, 5),
(8, 12, 3, 10),
(20, 21, 2, 15),
(20, 8, 2, 5),
(21, 20, 2, 15),
(21, 22, 5, 20),
(9, 8, 2, 15),
(9, 10, 2, 5),
(10, 9, 2, 5),
(10, 11, 2, 3),
(11, 10, 2, 3),
(22, 21, 5, 20),
(22, 11, 10, 20),
(22, 23, 7, 15),
(12, 8, 3, 10),
(12, 13, 3, 5),
(12, 17, 7, 20),
(13, 12, 3, 5),
(13, 14, 2, 10),
(23, 22, 7, 15),
(14, 19, 5, 15),
(14, 13, 2, 10),
(8, 7, 2, 15),
(12, 8, 3, 10),
(12, 13, 3, 5),
(12, 17, 7, 20),
(13, 12, 3, 5),
(13, 14, 2, 10),
(23, 22, 7, 15),
(14, 19, 5, 15),
(14, 13, 2, 10);

-- --------------------------------------------------------

--
-- Table structure for table `transitlocation_specialnodes`
--

CREATE TABLE IF NOT EXISTS `transitlocation_specialnodes` (
  `s_id` int(10) DEFAULT NULL,
  `ss_id` int(10) DEFAULT NULL,
  KEY `transitLocation_specialnodes_fk1` (`s_id`),
  KEY `transitLocation_specialnodes_fk2` (`ss_id`)
) ENGINE=InnoDB DEFAULT CHARSET=latin1;

--
-- Dumping data for table `transitlocation_specialnodes`
--

INSERT INTO `transitlocation_specialnodes` (`s_id`, `ss_id`) VALUES
(1, 17),
(8, 11),
(8, 22),
(9, 8),
(10, 8),
(11, 8),
(12, 8),
(12, 14),
(13, 8),
(18, 17),
(19, 17),
(20, 8),
(21, 8),
(22, 11),
(23, 22),
(6, 7),
(17, 7),
(1, 7),
(2, 7),
(3, 7),
(4, 7),
(5, 14),
(5, 7),
(5, 1),
(6, 1),
(7, 14),
(7, 1),
(7, 17),
(8, 14),
(8, 1),
(9, 7),
(9, 7),
(18, 14),
(7, 8),
(11, 8),
(11, 7),
(11, 14),
(11, 14),
(17, 14),
(17, 1);

-- --------------------------------------------------------

--
-- Table structure for table `transitprovider`
--

CREATE TABLE IF NOT EXISTS `transitprovider` (
  `b_id` int(10) NOT NULL AUTO_INCREMENT,
  `b_name` varchar(5) DEFAULT NULL,
  PRIMARY KEY (`b_id`),
  UNIQUE KEY `b_name` (`b_name`)
) ENGINE=InnoDB  DEFAULT CHARSET=latin1 AUTO_INCREMENT=11 ;

--
-- Dumping data for table `transitprovider`
--

INSERT INTO `transitprovider` (`b_id`, `b_name`) VALUES
(5, '115'),
(9, '17'),
(3, '18'),
(10, '250'),
(1, '280'),
(7, '281'),
(4, '300'),
(2, '494'),
(8, '86'),
(6, '90');

-- --------------------------------------------------------

--
-- Table structure for table `transitprovider_handler`
--

CREATE TABLE IF NOT EXISTS `transitprovider_handler` (
  `b_id` int(10) NOT NULL,
  `start` int(10) NOT NULL,
  `end` int(10) NOT NULL,
  KEY `b_id` (`b_id`),
  KEY `start` (`start`),
  KEY `end` (`end`)
) ENGINE=InnoDB DEFAULT CHARSET=utf8 COLLATE=utf8_bin;

--
-- Dumping data for table `transitprovider_handler`
--

INSERT INTO `transitprovider_handler` (`b_id`, `start`, `end`) VALUES
(1, 1, 14),
(2, 1, 14),
(3, 7, 14),
(4, 8, 11),
(5, 7, 22),
(6, 11, 14),
(7, 1, 17),
(8, 22, 14),
(9, 17, 14),
(10, 17, 14);

--
-- Constraints for dumped tables
--

--
-- Constraints for table `transitholder`
--
ALTER TABLE `transitholder`
  ADD CONSTRAINT `transitHolder_fk1` FOREIGN KEY (`s_id`) REFERENCES `transitlocation` (`s_id`),
  ADD CONSTRAINT `transitHolder_fk2` FOREIGN KEY (`b_id`) REFERENCES `transitprovider` (`b_id`);

--
-- Constraints for table `transitholder_timings`
--
ALTER TABLE `transitholder_timings`
  ADD CONSTRAINT `transitholder_timings_ibfk_1` FOREIGN KEY (`t_id`) REFERENCES `transitholder` (`h_id`);

--
-- Constraints for table `transitlocation_neighbors`
--
ALTER TABLE `transitlocation_neighbors`
  ADD CONSTRAINT `transitLocation_neighbors_fk1` FOREIGN KEY (`s_id`) REFERENCES `transitlocation` (`s_id`),
  ADD CONSTRAINT `transitLocation_neighbors_fk2` FOREIGN KEY (`n_id`) REFERENCES `transitlocation` (`s_id`);

--
-- Constraints for table `transitlocation_specialnodes`
--
ALTER TABLE `transitlocation_specialnodes`
  ADD CONSTRAINT `transitLocation_specialnodes_fk1` FOREIGN KEY (`s_id`) REFERENCES `transitlocation` (`s_id`),
  ADD CONSTRAINT `transitLocation_specialnodes_fk2` FOREIGN KEY (`ss_id`) REFERENCES `transitlocation` (`s_id`);

--
-- Constraints for table `transitprovider_handler`
--
ALTER TABLE `transitprovider_handler`
  ADD CONSTRAINT `transitprovider_handler_ibfk_1` FOREIGN KEY (`b_id`) REFERENCES `transitprovider` (`b_id`),
  ADD CONSTRAINT `transitprovider_handler_ibfk_2` FOREIGN KEY (`start`) REFERENCES `transitlocation` (`s_id`),
  ADD CONSTRAINT `transitprovider_handler_ibfk_3` FOREIGN KEY (`end`) REFERENCES `transitlocation` (`s_id`);

/*!40101 SET CHARACTER_SET_CLIENT=@OLD_CHARACTER_SET_CLIENT */;
/*!40101 SET CHARACTER_SET_RESULTS=@OLD_CHARACTER_SET_RESULTS */;
/*!40101 SET COLLATION_CONNECTION=@OLD_COLLATION_CONNECTION */;
